step,token,entropy,top2_margin,jsd_vs_prev,l2_early,cos_early,l2_mid,cos_mid,l2_late,cos_late
0,'To',0.5940418839454651,0.7033587694168091,,,,,,,
1,' solve',0.6585206985473633,0.26162925362586975,0.6931471228599548,32.58339309692383,0.4295616149902344,94.3252182006836,0.5798680782318115,154.25643920898438,-0.11046691238880157
2,' the',0.4114426374435425,0.7128027677536011,0.6931471824645996,39.588802337646484,0.34728091955184937,109.4726333618164,0.43286556005477905,96.83280944824219,0.41732946038246155
3,' problem',-0.0,1.0,0.6931471824645996,37.436824798583984,0.4585334062576294,83.82444763183594,0.5845666527748108,81.23896789550781,0.6032922267913818
4,"','",-0.0,1.0,0.6931471824645996,42.90218734741211,0.3825758099555969,88.05290222167969,0.5499305725097656,91.07217407226562,0.5226490497589111
5,' I',0.3728683590888977,0.7539914846420288,0.6931471824645996,43.83257293701172,0.26360249519348145,96.1251220703125,0.4393242299556732,87.694580078125,0.5857229232788086
6,"""'ll""",0.23850366473197937,0.8715009093284607,0.6931472420692444,32.90507125854492,0.4147588014602661,93.69139862060547,0.5129591226577759,68.52473449707031,0.7522605657577515
7,' define',0.3359335660934448,0.7899987697601318,0.5752778053283691,45.52521896362305,0.2956823706626892,83.79214477539062,0.6498862504959106,48.32966232299805,0.8736157417297363
8,' the',-0.0,1.0,0.6931471824645996,49.69647979736328,0.18106064200401306,105.2782211303711,0.4563950002193451,111.18881225585938,0.3614761233329773
9,' variables',0.5679024457931519,0.4897376298904419,0.6931471824645996,37.21892547607422,0.37089258432388306,93.87297821044922,0.5615332126617432,83.42963409423828,0.633823573589325
10,'.',1.232613205909729,0.5082695484161377,0.6931471824645996,39.582855224609375,0.3134384751319885,103.71101379394531,0.49427708983421326,98.54736328125,0.535239040851593
11,' Let',-0.0,1.0,0.6931471824645996,36.7489128112793,0.3188706040382385,107.13682556152344,0.5026437044143677,108.32079315185547,0.4549444019794464
12,' \\(',1.0808792114257812,0.455884724855423,0.6931471824645996,32.869903564453125,0.3950902223587036,108.21613311767578,0.4146939516067505,96.84524536132812,0.515164315700531
13,' c',0.7740011215209961,0.6487604379653931,0.6931471824645996,39.07651138305664,0.3778340816497803,93.43596649169922,0.5444343090057373,68.65776824951172,0.7033215761184692
14,' \\',-0.0,1.0,0.6931471824645996,39.25001525878906,0.34917140007019043,110.13079833984375,0.4718436002731323,83.09516143798828,0.39503052830696106
15,')',-0.0,1.0,0.6931471824645996,31.383310317993164,0.42673659324645996,102.86949157714844,0.47526371479034424,75.75858306884766,0.4960595667362213
16,' represent',0.3359335660934448,0.7899987697601318,0.6931471824645996,31.608407974243164,0.4454081058502197,89.12432861328125,0.5973854064941406,82.61798095703125,0.4448850750923157
17,' the',-0.0,1.0,0.6931471824645996,40.89795684814453,0.217366561293602,104.03285217285156,0.537183403968811,96.24401092529297,0.3899785280227661
18,' car',-0.0,1.0,0.6931471824645996,35.249794006347656,0.4208184480667114,106.1795654296875,0.49553099274635315,100.71353912353516,0.3806067109107971
19,"""'s""",-0.0,1.0,0.6931471824645996,41.28032302856445,0.26661747694015503,105.64981079101562,0.5346418619155884,90.1380615234375,0.40420931577682495
20,' speed',-0.0,1.0,0.6931471824645996,40.315208435058594,0.3111134171485901,99.6061019897461,0.5885899066925049,80.99723815917969,0.48939287662506104
21,' in',-0.0,1.0,0.6931471824645996,40.91362762451172,0.27353423833847046,99.01506042480469,0.5676311254501343,85.18931579589844,0.48631933331489563
22,' miles',-0.0,1.0,0.6931471824645996,39.24738693237305,0.3079944849014282,107.39173889160156,0.5109928846359253,85.59856414794922,0.4413062334060669
23,' per',-0.0,1.0,0.6931471824645996,42.13145065307617,0.23450204730033875,114.07792663574219,0.4431174099445343,85.9266128540039,0.43309485912323
24,' hour',-0.0,1.0,0.6931471824645996,45.326637268066406,0.2378023862838745,109.20127868652344,0.5339239835739136,88.2392578125,0.46290600299835205
25,"','",0.7080175876617432,0.6363644599914551,0.6931471824645996,41.42864227294922,0.34939855337142944,103.20771026611328,0.5796480774879456,110.33281707763672,0.26544255018234253
26,' and',-0.0,1.0,0.6931471824645996,39.70216369628906,0.21525463461875916,111.7639389038086,0.4156531095504761,67.5075912475586,0.7524608373641968
27,' \\(',-0.0,1.0,0.6931471824645996,28.584583282470703,0.5116437673568726,81.6918716430664,0.6630799770355225,68.53262329101562,0.745431125164032
28,' t',-0.0,1.0,0.6931471824645996,35.90073776245117,0.3360868990421295,85.66151428222656,0.6099729537963867,85.70414733886719,0.5336376428604126
29,' \\',-0.0,1.0,0.6931471824645996,34.97750473022461,0.3481772541999817,103.7545394897461,0.500061571598053,91.80961608886719,0.325449675321579
30,')',-0.0,1.0,0.6931471824645996,29.760766983032227,0.4479648470878601,89.20890808105469,0.6126633882522583,70.95075225830078,0.5266550779342651
31,' be',0.3728683590888977,0.7539914846420288,0.6931471824645996,30.14817237854004,0.46175962686538696,75.59153747558594,0.72403484582901,79.50628662109375,0.4460819959640503
32,' the',-0.0,1.0,0.6931471824645996,37.31330871582031,0.2983422577381134,87.81897735595703,0.6784954071044922,84.87381744384766,0.48420584201812744
33,' time',-0.0,1.0,0.6931471824645996,35.94487380981445,0.34703218936920166,95.11333465576172,0.5931037664413452,90.36748504638672,0.46526169776916504
34,' both',0.18607404828071594,0.9083234071731567,0.6931471824645996,37.321876525878906,0.3276529014110565,101.05591583251953,0.5346257090568542,87.8546371459961,0.5255828499794006
35,' the',-0.0,1.0,0.6931471824645996,46.045501708984375,0.1586134135723114,127.95230102539062,0.29048892855644226,87.2807388305664,0.5794816613197327
36,' train',0.6891771554946899,0.08904838562011719,0.6931471824645996,43.182838439941406,0.32795870304107666,90.66100311279297,0.6286253333091736,89.3836669921875,0.5364595651626587
37,' and',-0.0,1.0,0.6931471824645996,43.159446716308594,0.24850577116012573,110.99774169921875,0.480953186750412,82.62837982177734,0.5150947570800781
38,' the',-0.0,1.0,0.6931471824645996,43.19097137451172,0.20820066332817078,110.90667724609375,0.48145419359207153,71.62089538574219,0.6141644716262817
39,' car',-0.0,1.0,0.6931471824645996,37.299659729003906,0.38303840160369873,85.58260345458984,0.6623245477676392,71.82323455810547,0.6888020038604736
40,' travel',0.4114435017108917,0.7128018140792847,0.6931471824645996,41.083641052246094,0.27493470907211304,92.37736511230469,0.6164522171020508,108.90213775634766,0.32761114835739136
41,'.\n\n',0.8145601749420166,0.6510868668556213,0.6931471824645996,37.53767013549805,0.40210285782814026,108.6644515991211,0.48553675413131714,96.323974609375,0.4471161663532257
42,'The',1.6576709747314453,0.08983500301837921,0.6931471824645996,37.84730911254883,0.22733163833618164,119.80940246582031,0.29785239696502686,138.43896484375,0.12253065407276154
43,' distance',1.299452781677246,0.06038501858711243,0.6931471824645996,29.408008575439453,0.5241122841835022,84.22367095947266,0.5890045166015625,139.6030731201172,0.1636059433221817
44,' traveled',1.1309698820114136,0.21354317665100098,0.6931471824645996,40.17388153076172,0.29609915614128113,103.43656921386719,0.47578686475753784,93.1346664428711,0.5029085278511047
45,' by',-0.0,1.0,0.6931471824645996,39.733177185058594,0.398260235786438,98.94888305664062,0.5674005150794983,69.35455322265625,0.6692293286323547
46,' the',-0.0,1.0,0.6931471824645996,40.14017868041992,0.3588058352470398,100.18214416503906,0.5312126278877258,78.26920318603516,0.6182705163955688
47,' car',0.3728683590888977,0.7539914846420288,0.6931471824645996,37.68036651611328,0.35396912693977356,75.4210433959961,0.7305797338485718,77.88786315917969,0.6116368174552917
48,' is',-0.0,1.0,0.6931471824645996,41.28219223022461,0.2778129279613495,97.59394836425781,0.5457605719566345,86.83582305908203,0.450179785490036
49,' given',0.6931471824645996,0.0,0.6931471824645996,40.059085845947266,0.28111618757247925,102.76013946533203,0.4871819019317627,75.94781494140625,0.6695836186408997
50,' by',-0.0,1.0,0.6931471824645996,36.20468521118164,0.31506866216659546,98.7889175415039,0.5009556412696838,74.85479736328125,0.6741690635681152
51,' the',1.1893317699432373,0.13761061429977417,0.6931471824645996,41.413299560546875,0.31926754117012024,84.80236053466797,0.6089209318161011,82.76896667480469,0.614507794380188
52,' equation',0.8223463296890259,0.24874892830848694,0.6931471824645996,38.58697509765625,0.40670886635780334,81.20355224609375,0.6568514108657837,74.4193115234375,0.7130429744720459
53,':\n',0.5679032802581787,0.4897361099720001,0.6931471824645996,39.861122131347656,0.2943752706050873,105.86529541015625,0.4621790051460266,78.13279724121094,0.6219478845596313
54,'\\[',0.852275550365448,0.1670524775981903,0.6931471824645996,39.45591354370117,0.2924707531929016,100.97392272949219,0.5107845664024353,104.51569366455078,0.3068017065525055
55,' ',1.1290595531463623,0.0736282467842102,0.6931471824645996,39.34996795654297,0.3298709988594055,95.27783966064453,0.5315533876419067,107.69104766845703,0.24734003841876984
56,'9',-0.0,1.0,0.6931471824645996,36.75735092163086,0.3809012174606323,94.49349212646484,0.494824081659317,59.44898223876953,0.7329787611961365
57,'0',-0.0,1.0,0.6931471824645996,30.724327087402344,0.5003490447998047,87.133056640625,0.5615396499633789,71.23824310302734,0.5388345718383789
58,' =',-0.0,1.0,0.6931471824645996,32.26721954345703,0.5194182991981506,72.92505645751953,0.6996124386787415,51.448326110839844,0.7431349158287048
59,' c',-0.0,1.0,0.6931471824645996,36.378273010253906,0.34702181816101074,95.83586120605469,0.5274747014045715,92.83889770507812,0.24896228313446045
60,' \\',-0.0,1.0,0.6931471824645996,32.19581604003906,0.42707377672195435,100.10663604736328,0.5195862054824829,97.7019271850586,0.14290431141853333
61,'times',0.21102455258369446,0.8913735747337341,0.6931471824645996,29.830759048461914,0.45253801345825195,83.92183685302734,0.6505888104438782,67.87734985351562,0.47129324078559875
62,' t',-0.0,1.0,0.6931471824645996,34.723602294921875,0.2800097167491913,92.91057586669922,0.5840871334075928,94.06548309326172,0.11338749527931213
63,' \\',-0.0,1.0,0.6931471824645996,33.75160217285156,0.35586971044540405,98.10999298095703,0.5553992390632629,78.08121490478516,0.36416441202163696
64,']\n',0.6332200765609741,0.3426953852176666,0.6931471824645996,27.571269989013672,0.48833778500556946,90.88714599609375,0.5892959833145142,64.82196807861328,0.4416315257549286
65,'This',0.9872404932975769,0.4323585629463196,0.6931471824645996,29.35491180419922,0.46535778045654297,79.18343353271484,0.662085235118866,103.23625946044922,0.42129695415496826
66,' means',1.4114091396331787,0.19854667782783508,0.6931471824645996,39.057350158691406,0.3124483823776245,93.5985107421875,0.5292814373970032,137.02769470214844,0.13889026641845703
67,' the',0.797722339630127,0.5402778387069702,0.6931471824645996,44.02610397338867,0.32136133313179016,92.66785430908203,0.5520462393760681,86.8520736694336,0.6171681880950928
68,' car',0.2685355246067047,0.8482834100723267,0.6931471824645996,42.70173263549805,0.32026946544647217,93.32401275634766,0.5147411823272705,76.51243591308594,0.7070339322090149
69,' travels',0.9186838865280151,0.16083106398582458,0.6931471824645996,43.24602508544922,0.23540157079696655,93.05827331542969,0.5289226174354553,93.10042572021484,0.5093061327934265
70,' ',-0.0,1.0,0.6931471824645996,41.71845626831055,0.3238139748573303,101.54450988769531,0.5212540626525879,87.63652038574219,0.5791773200035095
71,'9',-0.0,1.0,0.6931471824645996,37.99678421020508,0.3391342759132385,90.20387268066406,0.6230905055999756,72.3016586303711,0.6874473094940186
72,'0',-0.0,1.0,0.6931471824645996,32.3253059387207,0.47558173537254333,91.10930633544922,0.5633477568626404,75.08537292480469,0.5734853148460388
73,' miles',-0.0,1.0,0.6931471824645996,33.249271392822266,0.4945206940174103,71.46465301513672,0.7163043022155762,63.19843292236328,0.7179278135299683
74,' in',0.21102483570575714,0.891373336315155,0.6931471824645996,44.32002639770508,0.1953081488609314,97.08772277832031,0.5329190492630005,90.73079681396484,0.4487268924713135
75,' time',0.6891771554946899,0.08904838562011719,0.6931471824645996,40.81704330444336,0.31496697664260864,98.30223846435547,0.5770448446273804,81.55426788330078,0.6252855062484741
76,' \\(',-0.0,1.0,0.19194000959396362,40.60563278198242,0.29125338792800903,112.40800476074219,0.4797555208206177,67.00562286376953,0.7496092915534973
77,' t',-0.0,1.0,0.6931471824645996,41.86503601074219,0.2480623424053192,111.71900177001953,0.4848477244377136,66.41349792480469,0.6905534267425537
78,' \\',-0.0,1.0,0.6931471824645996,35.92031478881836,0.3768240809440613,96.73381805419922,0.5774809122085571,75.66355895996094,0.3174420893192291
79,').\n\n',0.6891771554946899,0.08904838562011719,0.6931471824645996,29.926496505737305,0.45975708961486816,85.92365264892578,0.5870220065116882,58.81354522705078,0.5539722442626953
80,'For',0.5940421223640442,0.7033587694168091,0.6931471824645996,30.60955810546875,0.41776126623153687,84.49974822998047,0.5174669623374939,114.45721435546875,0.22191943228244781
81,' the',-0.0,1.0,0.6931471824645996,35.2094841003418,0.36480599641799927,89.11032104492188,0.49044299125671387,135.00177001953125,0.2145635336637497
82,' train',-0.0,1.0,0.6931471824645996,34.69286346435547,0.4549035131931305,69.08779907226562,0.7246298789978027,93.77566528320312,0.5897254943847656
83,"','",-0.0,1.0,0.6931471824645996,41.504302978515625,0.24923613667488098,97.61976623535156,0.5307095646858215,100.39014434814453,0.477909117937088
84,' since',0.49100279808044434,0.6133579611778259,0.6931471824645996,37.66972351074219,0.2759161591529846,91.15328216552734,0.6058377027511597,71.40345001220703,0.7270768284797668
85,' it',0.49100369215011597,0.6133567094802856,0.55914705991745,37.70175552368164,0.3207892179489136,94.16033935546875,0.5407970547676086,51.00640869140625,0.8607227802276611
86,' travels',-0.0,1.0,0.6931471824645996,43.56083679199219,0.28273558616638184,97.52357482910156,0.5263378620147705,80.45740509033203,0.6069016456604004
87,' ',-0.0,1.0,0.6931471824645996,45.28422546386719,0.1995415985584259,96.1415023803711,0.5707091093063354,84.52781677246094,0.575480580329895
88,'1',-0.0,1.0,0.6931471824645996,37.84846878051758,0.32545217871665955,87.06755828857422,0.6363948583602905,76.54437255859375,0.5976225137710571
89,'2',0.3010629415512085,0.8212727904319763,0.6931471824645996,27.789148330688477,0.5900328159332275,78.32262420654297,0.6721165776252747,70.7366714477539,0.577407717704773
90,'0',-0.0,1.0,0.6931471824645996,33.146026611328125,0.4743671715259552,70.09165954589844,0.7121754288673401,64.81929016113281,0.6759952306747437
91,' miles',-0.0,1.0,0.6931471824645996,30.921855926513672,0.5518975257873535,68.73064422607422,0.7242212891578674,62.97707748413086,0.719024658203125
92,' in',-0.0,1.0,0.6931471824645996,43.018123626708984,0.2081737071275711,90.71792602539062,0.5686246752738953,93.7136001586914,0.4299488067626953
93,' the',-0.0,1.0,0.6931471824645996,40.83789825439453,0.31739938259124756,91.55414581298828,0.607140302658081,75.08787536621094,0.6403020024299622
94,' same',-0.0,1.0,0.6931471824645996,35.3159294128418,0.43781355023384094,83.91023254394531,0.6601207852363586,67.93919372558594,0.6748733520507812
95,' time',-0.0,1.0,0.6931471824645996,44.66703414916992,0.23981180787086487,97.21949005126953,0.5327686667442322,62.152774810791016,0.7057534456253052
96,"','",0.6891771554946899,0.08904838562011719,0.6931471824645996,42.429229736328125,0.30731701850891113,90.53289031982422,0.6026444435119629,76.51626586914062,0.6165191531181335
97,' the',0.4114426374435425,0.7128027677536011,0.6931471824645996,35.56482696533203,0.3182722330093384,100.00650024414062,0.43038439750671387,75.84367370605469,0.6733736991882324
98,' equation',0.23850439488887787,0.8715003132820129,0.6931471824645996,28.62637710571289,0.5098483562469482,75.607666015625,0.6302170157432556,85.51396942138672,0.592727541923523
99,' is',0.6585206985473633,0.26162925362586975,0.6931471824645996,38.381019592285156,0.2945833206176758,101.0926284790039,0.47223058342933655,92.2343978881836,0.48137348890304565
100,':\n',-0.0,1.0,0.6931471824645996,37.40625762939453,0.328152060508728,85.44654846191406,0.6497185230255127,69.19424438476562,0.6905152201652527
101,'\\[',-0.0,1.0,0.6931471824645996,32.30078887939453,0.4325767159461975,90.68939208984375,0.5648366212844849,118.39102935791016,0.1363345980644226
102,' ',-0.0,1.0,0.6931471824645996,38.128875732421875,0.33963802456855774,95.16114044189453,0.5088534355163574,101.40962219238281,0.3264865577220917
103,'1',-0.0,1.0,0.6931471824645996,35.72749710083008,0.3955897092819214,78.13154602050781,0.6393083333969116,61.48087692260742,0.6991674900054932
104,'2',-0.0,1.0,0.6931471824645996,25.447860717773438,0.6312577724456787,67.75343322753906,0.7090030908584595,66.52120971679688,0.5414113998413086
105,'0',-0.0,1.0,0.6931471824645996,31.832103729248047,0.5042779445648193,74.89930725097656,0.674187183380127,53.48299026489258,0.651854932308197
106,' =',-0.0,1.0,0.6931471824645996,30.380231857299805,0.5633901357650757,72.24811553955078,0.7025852203369141,54.63676834106445,0.6692352294921875
107,' (',-0.0,1.0,0.6931471824645996,34.484466552734375,0.3685477375984192,95.61444854736328,0.5043898820877075,81.20701599121094,0.4419345259666443
108,'c',-0.0,1.0,0.6931471824645996,29.821269989013672,0.5183194279670715,93.32254791259766,0.543242335319519,105.26753234863281,0.25214672088623047
109,' +',-0.0,1.0,0.6931471824645996,32.67324447631836,0.43365633487701416,96.55258178710938,0.5018422603607178,85.55765533447266,0.3951873481273651
110,' ',-0.0,1.0,0.6931471824645996,34.32926559448242,0.3825113773345947,94.64691925048828,0.5397031307220459,70.5986557006836,0.4557681977748871
111,'1',-0.0,1.0,0.6931471824645996,27.52879524230957,0.5602179765701294,169.3203582763672,0.3600541055202484,72.86170959472656,0.4983724355697632
112,'5',-0.0,1.0,0.6931471824645996,24.87997055053711,0.6351511478424072,164.97964477539062,0.39727842807769775,69.69895935058594,0.47909751534461975
113,')',-0.0,1.0,0.6931471824645996,32.463802337646484,0.4877878725528717,79.53101348876953,0.6826843023300171,68.10675811767578,0.48658472299575806
114,' \\',-0.0,1.0,0.6931471824645996,34.21010971069336,0.3817383050918579,100.80929565429688,0.49195408821105957,69.72743225097656,0.48808133602142334
115,'times',-0.0,1.0,0.6931471824645996,25.067777633666992,0.5664520859718323,76.92510986328125,0.6716005206108093,77.52774047851562,0.41949787735939026
116,' t',-0.0,1.0,0.6931471824645996,33.07687759399414,0.31361544132232666,86.585205078125,0.608404278755188,106.12651062011719,0.02692904695868492
117,' \\',-0.0,1.0,0.6931471824645996,33.07027053833008,0.3708268404006958,96.78658294677734,0.548832356929779,82.66204071044922,0.31801190972328186
118,']\n',-0.0,1.0,0.6931471824645996,27.471254348754883,0.49608296155929565,92.51258850097656,0.5547932982444763,66.64055633544922,0.40431612730026245
119,'This',1.057410478591919,0.13718527555465698,0.6931471824645996,29.039762496948242,0.4712098240852356,76.00237274169922,0.6659764051437378,106.02743530273438,0.4357515573501587
120,' indicates',1.038420557975769,0.07281294465065002,0.6931471824645996,38.30087661743164,0.31809502840042114,90.04546356201172,0.5516902208328247,150.30978393554688,0.05747143179178238
121,' the',0.49100369215011597,0.6133567094802856,0.6931471824645996,44.493953704833984,0.2490210384130478,102.80117797851562,0.499440461397171,88.21701049804688,0.5950973629951477
122,' train',-0.0,1.0,0.6931471824645996,41.49298095703125,0.3964827060699463,96.38683319091797,0.5442258715629578,99.59819793701172,0.5171899795532227
123,"""'s""",0.684799075126648,0.6156971454620361,0.6931471824645996,46.21169662475586,0.1924075037240982,97.43285369873047,0.49976491928100586,113.60436248779297,0.34861892461776733
124,' speed',-0.0,1.0,0.6931471824645996,40.09009552001953,0.2837894856929779,97.15828704833984,0.519885778427124,92.67617797851562,0.4950028955936432
125,' is',0.3010629415512085,0.8212727904319763,0.6931471824645996,41.56283950805664,0.24790915846824646,91.73463439941406,0.554557204246521,84.41754913330078,0.5982037782669067
126,' ',-0.0,1.0,0.6931471824645996,39.46457290649414,0.2809106707572937,87.0832290649414,0.590662956237793,81.5415267944336,0.6548551917076111
127,'1',-0.0,1.0,0.6931471824645996,28.943401336669922,0.5130547285079956,79.83727264404297,0.6705671548843384,81.10856628417969,0.6085432767868042
128,'5',-0.0,1.0,0.6931471824645996,25.709924697875977,0.6124940514564514,85.00127410888672,0.5808041095733643,79.35421752929688,0.5061355829238892
129,' mph',-0.0,1.0,0.6931471824645996,32.055965423583984,0.48737478256225586,92.83319854736328,0.4949502646923065,79.42606353759766,0.54358971118927
130,' more',0.49100369215011597,0.6133567094802856,0.6931471824645996,51.192867279052734,0.11984912306070328,105.80624389648438,0.4596273601055145,84.14158630371094,0.5122904777526855
131,' than',-0.0,1.0,0.6931471824645996,51.2795524597168,0.21080158650875092,113.22484588623047,0.405876100063324,84.52865600585938,0.5464085340499878
132,' the',-0.0,1.0,0.6931471824645996,44.931907653808594,0.2405879646539688,89.72872161865234,0.6527870297431946,79.2741470336914,0.583726167678833
133,' car',-0.0,1.0,0.6931471824645996,38.6607551574707,0.3219596743583679,83.88761138916016,0.7009109258651733,93.09141540527344,0.5127377510070801
134,"""'s""",-0.0,1.0,0.6931471824645996,41.61592102050781,0.2618641257286072,92.75223541259766,0.6078147888183594,106.27691650390625,0.2638545334339142
135,' speed',0.2685355246067047,0.8482834100723267,0.6931471824645996,40.35957336425781,0.31381434202194214,91.23816680908203,0.6193991303443909,73.93228149414062,0.5943957567214966
136,'.\n\n',0.49100279808044434,0.6133579611778259,0.6131124496459961,40.65410614013672,0.2734878659248352,89.628662109375,0.6046391129493713,62.266788482666016,0.7854580283164978
137,'Now',1.5169227123260498,0.295989066362381,0.6931471824645996,40.54774475097656,0.21764184534549713,96.79225158691406,0.4181130826473236,139.84291076660156,0.09223181009292603
138,"','",-0.0,1.0,0.6931471824645996,36.132545471191406,0.3634362816810608,88.62001037597656,0.48735547065734863,121.56846618652344,0.2581329345703125
139,' I',-0.0,1.0,0.6931471824645996,37.51778793334961,0.4198989272117615,79.64932250976562,0.5797207951545715,70.18375396728516,0.7555865049362183
140,"""'ll""",0.49100279808044434,0.6133579611778259,0.6931471824645996,36.69047164916992,0.4347727298736572,82.14539337158203,0.548437774181366,89.42693328857422,0.5765386819839478
141,' solve',0.4520915746688843,0.8188875913619995,0.6931471824645996,46.159908294677734,0.29178762435913086,79.87960052490234,0.6197974681854248,69.50310516357422,0.7433002591133118
142,' the',1.0495076179504395,0.1998986303806305,0.6931471824645996,48.451133728027344,0.22692370414733887,98.73005676269531,0.4990440011024475,92.27364349365234,0.5546135306358337
143,' first',0.5679024457931519,0.4897376298904419,0.6931471824645996,37.89815139770508,0.38657480478286743,87.85000610351562,0.6186538934707642,82.10350799560547,0.6372295022010803
144,' equation',-0.0,1.0,0.6931471824645996,42.90875244140625,0.27990299463272095,95.89134979248047,0.5318785309791565,66.0758285522461,0.764739990234375
145,' for',-0.0,1.0,0.6931471824645996,43.652137756347656,0.3023843765258789,90.21377563476562,0.6181067228317261,81.56480407714844,0.5238698720932007
146,' \\(',-0.0,1.0,0.6931471824645996,40.139381408691406,0.3279281258583069,109.44246673583984,0.4785570204257965,83.19435119628906,0.510940670967102
147,' t',-0.0,1.0,0.6931471824645996,39.42438507080078,0.29748767614364624,107.17096710205078,0.48808133602142334,69.21619415283203,0.6415330767631531
148,' \\',-0.0,1.0,0.6931471824645996,36.31808090209961,0.37288999557495117,97.9682846069336,0.5489429235458374,68.69660949707031,0.38555043935775757
149,'):\n',-0.0,1.0,0.6931471824645996,29.839214324951172,0.46177440881729126,86.16194915771484,0.6382710337638855,57.344661712646484,0.5056671500205994
150,'\\[',-0.0,1.0,0.6931471824645996,32.114776611328125,0.3583279848098755,96.40707397460938,0.5552324056625366,84.59840393066406,0.299163281917572
151,' t',-0.0,1.0,0.6931471824645996,38.430641174316406,0.32350456714630127,95.63945770263672,0.561055064201355,105.4019546508789,0.00014216452836990356
152,' =',-0.0,1.0,0.6931471824645996,40.10358810424805,0.2659807801246643,105.8444595336914,0.4215843081474304,75.27507019042969,0.2833503782749176
153,' \\',-0.0,1.0,0.6931471824645996,32.755008697509766,0.4319703280925751,87.81141662597656,0.611594021320343,71.0514144897461,0.4453407824039459
154,'frac',-0.0,1.0,0.6931471824645996,28.114316940307617,0.5434035062789917,94.22993469238281,0.4729570150375366,97.06207275390625,0.19853876531124115
155,'{',-0.0,1.0,0.6931471824645996,38.98680114746094,0.2909044623374939,99.03695678710938,0.41876697540283203,76.94356536865234,0.3943388760089874
156,'9',-0.0,1.0,0.6931471824645996,39.57730484008789,0.4186486601829529,82.67723083496094,0.6530954241752625,65.64514923095703,0.6072221994400024
157,'0',-0.0,1.0,0.6931471824645996,40.06420135498047,0.3117072880268097,90.1974105834961,0.5695562958717346,76.74209594726562,0.4671591818332672
158,'}{',-0.0,1.0,0.6931471824645996,32.3675537109375,0.522884726524353,73.02439880371094,0.7226433753967285,54.69562530517578,0.5911264419555664
159,'c',-0.0,1.0,0.6931471824645996,38.63992691040039,0.3044230043888092,98.9848861694336,0.4977059066295624,76.93653869628906,0.43981122970581055
160,'}',-0.0,1.0,0.6931471824645996,34.637752532958984,0.33563196659088135,98.04937744140625,0.5283627510070801,89.84894561767578,0.23737236857414246
161,' \\',-0.0,1.0,0.6931471824645996,32.403751373291016,0.36940643191337585,88.50963592529297,0.6150548458099365,53.61713409423828,0.6244624853134155
162,']\n\n',-0.0,1.0,0.6931471824645996,26.798654556274414,0.5172668099403381,78.1648178100586,0.6924211978912354,67.29792785644531,0.4199788570404053
163,'Sub',0.23850366473197937,0.8715009093284607,0.6931471824645996,30.664688110351562,0.4505009651184082,77.20539855957031,0.6909664273262024,107.4601058959961,0.2979097068309784
164,'stit',-0.0,1.0,0.6931471824645996,41.571834564208984,0.2642742991447449,91.42742919921875,0.5357465744018555,114.80465698242188,0.20134469866752625
165,'uting',-0.0,1.0,0.6931471824645996,36.3534049987793,0.45440012216567993,80.2177963256836,0.6031743288040161,70.36083221435547,0.4874429702758789
166,' this',0.26853448152542114,0.8482842445373535,0.6931471824645996,29.377164840698242,0.5858621597290039,111.953857421875,0.34202051162719727,92.80651092529297,0.24294178187847137
167,' into',0.6332200765609741,0.3426953852176666,0.6931471824645996,42.61565399169922,0.29394999146461487,109.29475402832031,0.5213078260421753,61.69841766357422,0.7107834815979004
168,' the',-0.0,1.0,0.6931471824645996,48.0513801574707,0.24437716603279114,112.37649536132812,0.486245721578598,84.98155212402344,0.4799796938896179
169,' second',-0.0,1.0,0.6931471824645996,41.95774459838867,0.3302597403526306,94.73002624511719,0.5806019306182861,90.86920928955078,0.5163558125495911
170,' equation',-0.0,1.0,0.6931471824645996,41.551300048828125,0.2552882432937622,90.01870727539062,0.5999544858932495,57.163368225097656,0.8230911493301392
171,':\n',-0.0,1.0,0.6931471824645996,43.05039596557617,0.2647712528705597,88.35254669189453,0.6053609848022461,87.975830078125,0.5287024974822998
172,'\\[',-0.0,1.0,0.6931471824645996,40.4654655456543,0.27915018796920776,96.72273254394531,0.5175047516822815,113.09272766113281,0.16497062146663666
173,' ',-0.0,1.0,0.6931471824645996,37.41108703613281,0.35008227825164795,94.67711639404297,0.5282102227210999,97.75234985351562,0.24608081579208374
174,'1',-0.0,1.0,0.6931471824645996,34.858558654785156,0.40688279271125793,77.23159790039062,0.6585978269577026,59.132110595703125,0.6606241464614868
175,'2',-0.0,1.0,0.6931471824645996,25.392648696899414,0.6296330094337463,64.20164489746094,0.74150550365448,62.8064079284668,0.5550965070724487
176,'0',-0.0,1.0,0.6931471824645996,31.973182678222656,0.49821335077285767,69.66291809082031,0.7159556150436401,55.77241516113281,0.6577408313751221
177,' =',-0.0,1.0,0.6931471824645996,30.278093338012695,0.564978837966919,69.15951538085938,0.7388315796852112,55.48044204711914,0.6591809988021851
178,' (',-0.0,1.0,0.6931471824645996,34.47528076171875,0.3690093755722046,92.84253692626953,0.5760263204574585,76.82508087158203,0.3999759554862976
179,'c',-0.0,1.0,0.6931471824645996,29.943105697631836,0.517775297164917,91.90377807617188,0.5966120958328247,103.87946319580078,0.20204387605190277
180,' +',-0.0,1.0,0.6931471824645996,32.527225494384766,0.43908751010894775,90.94486236572266,0.5748289823532104,83.93821716308594,0.4182385504245758
181,' ',-0.0,1.0,0.6931471824645996,34.147518157958984,0.38567984104156494,94.19108581542969,0.5783342123031616,68.21926879882812,0.470350444316864
182,'1',-0.0,1.0,0.6931471824645996,27.47414779663086,0.5626630783081055,101.55526733398438,0.4522989094257355,67.6772232055664,0.5424749851226807
183,'5',-0.0,1.0,0.6931471824645996,24.88413429260254,0.6355147957801819,56.57028579711914,0.7717182636260986,67.26250457763672,0.4961135685443878
184,')',-0.0,1.0,0.6931471824645996,32.21982955932617,0.49215036630630493,86.70185852050781,0.5782528519630432,68.38693237304688,0.3901265263557434
185,' \\',-0.0,1.0,0.6931471824645996,34.195068359375,0.381442666053772,96.010009765625,0.5421486496925354,65.73106384277344,0.5002371072769165
186,'times',-0.0,1.0,0.6931471824645996,25.298189163208008,0.5624738931655884,89.70986938476562,0.5214540958404541,76.6893539428711,0.37317168712615967
187,' \\',-0.0,1.0,0.6931471824645996,33.287109375,0.3071553111076355,104.7005844116211,0.3796374797821045,94.39714813232422,0.06329095363616943
188,'frac',0.4114435017108917,0.7128018140792847,0.6931471824645996,32.258689880371094,0.377812922000885,81.81531524658203,0.656130313873291,85.39885711669922,0.1832500398159027
189,'{',-0.0,1.0,0.6931471824645996,38.50007629394531,0.2785657048225403,99.11563110351562,0.5375521779060364,71.75885772705078,0.3387331962585449
190,'9',-0.0,1.0,0.6931471824645996,38.22189712524414,0.41084814071655273,86.3267593383789,0.6447991132736206,63.540531158447266,0.613510012626648
191,'0',-0.0,1.0,0.6931471824645996,38.46570587158203,0.32416772842407227,92.35641479492188,0.5133451819419861,76.32928466796875,0.4573858976364136
192,'}{',-0.0,1.0,0.6931471824645996,32.186790466308594,0.5230913758277893,69.55992889404297,0.7676751017570496,57.83373260498047,0.6057838201522827
193,'c',-0.0,1.0,0.6931471824645996,38.30571746826172,0.3068300485610962,99.59432983398438,0.5379621982574463,77.17411804199219,0.45887696743011475
194,'}',-0.0,1.0,0.6931471824645996,34.34697723388672,0.33956724405288696,96.33795928955078,0.5704532861709595,87.17472839355469,0.2613449692726135
195,' \\',-0.0,1.0,0.6931471824645996,32.03947448730469,0.3796539306640625,84.58210754394531,0.6647604703903198,54.0395622253418,0.6047999858856201
196,']\n\n',0.6332204341888428,0.34269458055496216,0.6931471824645996,26.468961715698242,0.5235793590545654,75.06513977050781,0.7067126631736755,66.14482116699219,0.38437139987945557
197,'S',0.6828641891479492,0.4755048453807831,0.6931471824645996,29.769351959228516,0.4678921103477478,76.63330841064453,0.6739037036895752,110.98619842529297,0.2766214609146118
198,'impl',-0.0,1.0,0.6931471824645996,33.1630859375,0.3896455466747284,72.47563934326172,0.6797366142272949,107.74613189697266,0.34019431471824646
199,'ifying',-0.0,1.0,0.6931471824645996,32.81620788574219,0.359022319316864,51.21615982055664,0.8083204030990601,60.293235778808594,0.5300909876823425
200,':\n',0.9857157468795776,0.22158238291740417,0.6931471824645996,30.403413772583008,0.4778880178928375,96.56649780273438,0.4892573952674866,95.91314697265625,0.2882285416126251
201,'\\[',-0.0,1.0,0.6931471824645996,35.62346649169922,0.302334725856781,109.81282806396484,0.41371917724609375,122.33858489990234,0.11735416948795319
202,' ',-0.0,1.0,0.6931471824645996,37.360660552978516,0.33617499470710754,92.75884246826172,0.5313477516174316,111.41549682617188,0.1531137228012085
203,'1',-0.0,1.0,0.6931471824645996,34.79459762573242,0.4063231647014618,76.19990539550781,0.658195972442627,60.14501190185547,0.6621488332748413
204,'2',-0.0,1.0,0.6931471824645996,25.603681564331055,0.6254623532295227,61.53256607055664,0.7669031023979187,57.649349212646484,0.6414398550987244
205,'0',-0.0,1.0,0.6931471824645996,31.792804718017578,0.5030006766319275,69.72801971435547,0.7234268188476562,57.77247619628906,0.6937751770019531
206,'c',0.6891770362854004,0.0890493392944336,0.6931471824645996,30.178958892822266,0.5688550472259521,66.82301330566406,0.7721750140190125,51.708126068115234,0.7428005933761597
207,' =',-0.0,1.0,0.19193971157073975,34.499847412109375,0.36547529697418213,101.8226547241211,0.5485222339630127,49.133975982666016,0.6824829578399658
208,' ',-0.0,1.0,0.6931471824645996,33.09418487548828,0.3757457733154297,100.13776397705078,0.5591956377029419,69.9902572631836,0.4569362998008728
209,'9',-0.0,1.0,0.6931471824645996,26.137889862060547,0.5804294347763062,78.82176971435547,0.6560713052749634,60.73270034790039,0.6026113033294678
210,'0',-0.0,1.0,0.6931471824645996,29.20291519165039,0.5145648717880249,79.64710235595703,0.6149849891662598,66.82223510742188,0.5276828408241272
211,'(c',-0.0,1.0,0.6931471824645996,32.030303955078125,0.5129913687705994,71.4207534790039,0.7366653084754944,57.57120895385742,0.6652036905288696
212,' +',-0.0,1.0,0.6931471824645996,39.450897216796875,0.2659440338611603,105.45417022705078,0.49873480200767517,68.99986267089844,0.40815046429634094
213,' ',-0.0,1.0,0.6931471824645996,36.864723205566406,0.3321651220321655,105.17589569091797,0.5342105031013489,70.46483612060547,0.3964788317680359
214,'1',-0.0,1.0,0.6931471824645996,28.019765853881836,0.5590451955795288,106.3410873413086,0.4140084385871887,68.71841430664062,0.5152457356452942
215,'5',-0.0,1.0,0.6931471824645996,24.551952362060547,0.6453714370727539,82.70748901367188,0.5599879026412964,68.6064453125,0.4796077609062195
216,')',-0.0,1.0,0.6931471824645996,31.71812629699707,0.5013580918312073,80.73444366455078,0.6584972143173218,70.0078353881836,0.3940510153770447
217,' \\',-0.0,1.0,0.6931471824645996,33.35496520996094,0.3924649953842163,91.85511779785156,0.579850971698761,60.34551239013672,0.5573208332061768
218,']\n',-0.0,1.0,0.6931471824645996,24.5916748046875,0.5788251161575317,66.70404815673828,0.7574273943901062,68.09973907470703,0.38212648034095764
219,'\\[',-0.0,1.0,0.6931471824645996,27.97496223449707,0.5221897959709167,74.11420440673828,0.6812361478805542,98.09004974365234,0.400266170501709
220,' ',-0.0,1.0,0.6931471824645996,35.73177719116211,0.36453777551651,85.4164810180664,0.6342287063598633,121.30499267578125,0.18279969692230225
221,'1',-0.0,1.0,0.6931471824645996,33.557918548583984,0.4077550768852234,80.48580932617188,0.6780407428741455,69.9868392944336,0.586431086063385
222,'2',-0.0,1.0,0.6931471824645996,25.042509078979492,0.6349055767059326,63.03852462768555,0.7756544947624207,58.988704681396484,0.6269181966781616
223,'0',-0.0,1.0,0.6931471824645996,31.802692413330078,0.5019047260284424,73.68042755126953,0.6942249536514282,59.41811752319336,0.6517855525016785
224,'c',-0.0,1.0,0.6931471824645996,30.27037811279297,0.5670244693756104,68.96556854248047,0.7539016008377075,52.122066497802734,0.7328251004219055
225,' =',-0.0,1.0,0.6931471824645996,34.57307434082031,0.3710612952709198,89.58683776855469,0.6174569129943848,59.85039520263672,0.5360740423202515
226,' ',-0.0,1.0,0.6931471824645996,33.20259475708008,0.37819769978523254,93.14081573486328,0.5988911390304565,72.23404693603516,0.42799803614616394
227,'9',-0.0,1.0,0.6931471824645996,25.729961395263672,0.5892654657363892,75.9144058227539,0.706592321395874,65.36900329589844,0.5603708028793335
228,'0',-0.0,1.0,0.6931471824645996,28.857816696166992,0.5232713222503662,86.3456039428711,0.587230920791626,65.48400115966797,0.508838951587677
229,'c',-0.0,1.0,0.6931471824645996,31.86246681213379,0.5153238773345947,75.91697692871094,0.7137019038200378,54.64781188964844,0.6516876816749573
230,' +',-0.0,1.0,0.6931471824645996,35.39059066772461,0.3648989200592041,98.79115295410156,0.5993975400924683,59.58312225341797,0.5069361925125122
231,' ',-0.0,1.0,0.6931471824645996,32.119163513183594,0.4037652909755707,103.63143920898438,0.5916287899017334,69.60243225097656,0.40996745228767395
232,'1',-0.0,1.0,0.6931471824645996,25.5810489654541,0.586464524269104,86.80640411376953,0.670427143573761,66.62715911865234,0.5685865879058838
233,'3',-0.0,1.0,0.6931471824645996,24.158166885375977,0.6489189863204956,67.00996398925781,0.7685559988021851,78.80946350097656,0.5074020028114319
234,'5',-0.0,1.0,0.6931471824645996,30.797306060791016,0.5182005167007446,78.05904388427734,0.6847997903823853,71.3017578125,0.5799710750579834
235,'0',-0.0,1.0,0.6931471824645996,28.80440330505371,0.6078150272369385,91.21342468261719,0.5828744173049927,65.22109985351562,0.5033935308456421
236,' \\',-0.0,1.0,0.6931471824645996,25.869714736938477,0.6771703958511353,72.17083740234375,0.7443660497665405,48.45197296142578,0.7000274658203125
237,']\n',-0.0,1.0,0.6931471824645996,30.2647762298584,0.458913654088974,93.70036315917969,0.5394222736358643,65.85391235351562,0.3746223449707031
238,'\\[',-0.0,1.0,0.6931471824645996,28.165206909179688,0.4985588788986206,73.72626495361328,0.6995202302932739,100.27449035644531,0.29796335101127625
239,' ',-0.0,1.0,0.6931471824645996,35.07082748413086,0.37627995014190674,79.22714233398438,0.6779021620750427,118.10810852050781,0.1257394552230835
240,'3',-0.0,1.0,0.6931471824645996,33.17502212524414,0.4235021770000458,74.71760559082031,0.7190924286842346,50.86528778076172,0.7355197072029114
241,'0',-0.0,1.0,0.6931471824645996,26.081613540649414,0.6054668426513672,80.96824645996094,0.6474868059158325,70.94400024414062,0.45507219433784485
242,'c',-0.0,1.0,0.6931471824645996,31.48869514465332,0.5100560784339905,76.93185424804688,0.6824651956558228,52.10134506225586,0.7091119289398193
243,' =',-0.0,1.0,0.6931471824645996,35.7857780456543,0.3648545742034912,97.93120574951172,0.5342810750007629,61.904361724853516,0.5118034482002258
244,' ',-0.0,1.0,0.6931471824645996,33.2154426574707,0.3799189627170563,88.78534698486328,0.6289647817611694,65.0589828491211,0.5247846841812134
245,'1',-0.0,1.0,0.6931471824645996,26.00370216369629,0.5870296359062195,74.37919616699219,0.7102121710777283,66.85950469970703,0.5523147583007812
246,'3',-0.0,1.0,0.6931471824645996,24.51435089111328,0.6372080445289612,64.70700073242188,0.7550643682479858,64.04776000976562,0.5505346655845642
247,'5',-0.0,1.0,0.6931471824645996,30.030515670776367,0.5355072617530823,74.41378021240234,0.672848105430603,57.494773864746094,0.6186780333518982
248,'0',-0.0,1.0,0.6931471824645996,29.136972427368164,0.6031579971313477,91.42666625976562,0.57769775390625,57.469146728515625,0.5769762992858887
249,' \\',-0.0,1.0,0.6931471824645996,25.993282318115234,0.6770832538604736,78.99925231933594,0.7210297584533691,49.6285514831543,0.6570332050323486
250,']\n',-0.0,1.0,0.6931471824645996,30.361112594604492,0.4579026997089386,89.24520874023438,0.6149700880050659,63.84125518798828,0.3840145468711853
251,'\\[',-0.0,1.0,0.6931471824645996,28.162954330444336,0.4934397339820862,71.62086486816406,0.7206951379776001,92.37315368652344,0.37606972455978394
252,' c',-0.0,1.0,0.6931471824645996,34.865779876708984,0.37825480103492737,79.28297424316406,0.6807678937911987,118.42168426513672,0.10934688150882721
253,' =',-0.0,1.0,0.6931471824645996,38.25713348388672,0.2779576778411865,107.16818237304688,0.46117234230041504,81.79472351074219,0.33301061391830444
254,' ',-0.0,1.0,0.6931471824645996,32.47318649291992,0.44484925270080566,89.89129638671875,0.6142687797546387,67.38551330566406,0.3862789273262024
255,'4',-0.0,1.0,0.6931471824645996,27.03997802734375,0.5802978873252869,74.78961944580078,0.6997607946395874,60.178916931152344,0.534721851348877
256,'5',-0.0,1.0,0.6931471824645996,27.067461013793945,0.5793349742889404,75.2888412475586,0.6730126142501831,68.1526107788086,0.422688364982605
257,' \\',-0.0,1.0,0.6931471824645996,30.49372100830078,0.5558298826217651,80.5365982055664,0.6498164534568787,70.89048767089844,0.36747977137565613
258,']\n\n',0.21102455258369446,0.8913735747337341,0.6931471824645996,33.07744216918945,0.4118764400482178,78.62461853027344,0.6789467334747314,63.7407341003418,0.5400601625442505
259,'Therefore',0.6332200765609741,0.3426953852176666,0.6931471824645996,30.236257553100586,0.46132540702819824,73.9972152709961,0.6995091438293457,109.04290771484375,0.24763207137584686
260,"','",-0.0,1.0,0.6931471824645996,39.490081787109375,0.3244946300983429,95.57884979248047,0.4692167639732361,106.693359375,0.3531253933906555
261,' the',-0.0,1.0,0.6931471824645996,41.24076461791992,0.3779054284095764,94.36103057861328,0.5258165001869202,76.9192886352539,0.623752236366272
262,' car',-0.0,1.0,0.6931471824645996,32.453094482421875,0.5777438282966614,66.0715560913086,0.7768750190734863,101.46652221679688,0.43816259503364563
263,"""'s""",-0.0,1.0,0.6931471824645996,42.63411331176758,0.2312806248664856,93.52120971679688,0.5716989040374756,110.5359878540039,0.2897931933403015
264,' speed',-0.0,1.0,0.6931471824645996,41.26096725463867,0.29398345947265625,90.52499389648438,0.6105095744132996,98.09906768798828,0.41423118114471436
265,' is',-0.0,1.0,0.6931471824645996,41.372005462646484,0.26071658730506897,89.08466339111328,0.6232097148895264,86.99174499511719,0.5147396326065063
266,' ',-0.0,1.0,0.6931471824645996,39.438175201416016,0.2898549735546112,89.48165893554688,0.6175292730331421,80.22264099121094,0.5519407987594604
267,'4',-0.0,1.0,0.6931471824645996,29.460086822509766,0.5181170105934143,76.60880279541016,0.6962554454803467,67.3799057006836,0.666060209274292
268,'5',-0.0,1.0,0.6931471824645996,28.02939224243164,0.5674389600753784,78.70963287353516,0.6513748168945312,70.55833435058594,0.551796555519104
269,' mph',-0.0,1.0,0.6931471824645996,30.552303314208984,0.5501469373703003,75.37046813964844,0.6904126405715942,69.60017395019531,0.5579906702041626
270,'.\n',-0.0,1.0,0.6931471824645996,51.832645416259766,0.10820426046848297,102.80258178710938,0.4960803985595703,94.67478942871094,0.34423714876174927
271,'</think>',-0.0,1.0,0.6931471824645996,49.92338180541992,0.09328490495681763,106.27877807617188,0.43702489137649536,119.43851470947266,0.06419907510280609
272,'\n\n',-0.0,1.0,0.6931471824645996,67.03023529052734,-0.03747553750872612,112.26651763916016,0.39106646180152893,110.81918334960938,0.20674282312393188
273,'To',0.5303041934967041,0.5545997619628906,0.6931471824645996,63.82697296142578,0.11125251650810242,110.99627685546875,0.49346739053726196,122.81776428222656,0.21421746909618378
274,' determine',0.5679024457931519,0.4897376298904419,0.6931471824645996,33.5799560546875,0.4073912501335144,110.02338409423828,0.4498743712902069,135.8553924560547,0.02246149629354477
275,' the',-0.0,1.0,0.6931471824645996,38.546356201171875,0.3759780526161194,92.71858978271484,0.5449085235595703,96.32899475097656,0.36109215021133423
276,' car',-0.0,1.0,0.6931471824645996,37.181400299072266,0.4866099953651428,80.62699890136719,0.6457797288894653,98.19328308105469,0.3789897561073303
277,"""'s""",-0.0,1.0,0.6931471824645996,45.28287887573242,0.2272881418466568,100.18695068359375,0.4676177501678467,99.29627227783203,0.35514816641807556
278,' speed',-0.0,1.0,0.6931471824645996,42.02875518798828,0.29125073552131653,95.23902130126953,0.5487086772918701,90.24787139892578,0.470868319272995
279,"','",-0.0,1.0,0.6931471824645996,42.32136154174805,0.2598627209663391,92.05582427978516,0.575761079788208,91.93597412109375,0.4859209358692169
280,' let',-0.0,1.0,0.6931471824645996,39.570316314697266,0.2518734931945801,92.91474151611328,0.5404255986213684,95.9377670288086,0.4070048928260803
281,"""'s""",-0.0,1.0,0.6931471824645996,33.71186065673828,0.36130326986312866,87.9388656616211,0.5189402103424072,74.81646728515625,0.5884840488433838
282,' analyze',0.9034054279327393,0.3667926788330078,0.6931471824645996,38.03599548339844,0.4159623980522156,78.62232971191406,0.613325834274292,91.4195785522461,0.4661516547203064
283,' the',-0.0,1.0,0.6931471824645996,45.66754150390625,0.28691378235816956,92.5113525390625,0.5501642823219299,105.54209899902344,0.3447580337524414
284,' problem',0.3010636866092682,0.8212721347808838,0.6931471824645996,39.90388107299805,0.40424972772598267,92.30198669433594,0.5677372813224792,81.15621185302734,0.5491731762886047
285,' step',-0.0,1.0,0.6931471824645996,42.721466064453125,0.2897099554538727,99.32759094238281,0.5164289474487305,81.77629089355469,0.5610352158546448
286,' by',-0.0,1.0,0.6931471824645996,43.052738189697266,0.29408693313598633,111.3675765991211,0.4037568271160126,71.24345397949219,0.6202601790428162
287,' step',-0.0,1.0,0.6931471824645996,40.92451477050781,0.32245934009552,151.9842071533203,0.21237492561340332,90.55374145507812,0.45431968569755554
288,'.\n\n',-0.0,1.0,0.6931471824645996,36.21255874633789,0.45980918407440186,152.62998962402344,0.23038917779922485,105.40777587890625,0.30520275235176086
289,'**',0.5625232458114624,0.7359326481819153,0.6931471824645996,39.185638427734375,0.23917439579963684,103.79997253417969,0.4502369463443756,108.51321411132812,0.23207567632198334
290,'Given',-0.0,1.0,0.6931471824645996,33.73069763183594,0.39849841594696045,96.05183410644531,0.4876498878002167,88.92112731933594,0.6670914888381958
291,':',-0.0,1.0,0.6931471824645996,40.03718948364258,0.27405187487602234,112.42643737792969,0.3989335298538208,135.83726501464844,0.16027821600437164
292,'**\n',-0.0,1.0,0.6931471824645996,35.640625,0.3804759383201599,82.68144989013672,0.6853740215301514,73.04987335205078,0.5974873304367065
293,'-',0.3359331786632538,0.7899991273880005,0.6931471824645996,33.17609786987305,0.3968937397003174,84.53770446777344,0.6591069102287292,85.64319610595703,0.3382912278175354
294,' The',-0.0,1.0,0.6931471824645996,36.084190368652344,0.3332661986351013,98.59080505371094,0.535306453704834,130.27325439453125,0.11781065165996552
295,' train',-0.0,1.0,0.6931471824645996,35.1057014465332,0.37222933769226074,83.56060791015625,0.6354430317878723,131.1614990234375,0.21999764442443848
296,' travels',-0.0,1.0,0.6931471824645996,39.66638946533203,0.25118333101272583,98.46893310546875,0.5145821571350098,105.28284454345703,0.3525717854499817
297,' **',0.677453875541687,0.1766975224018097,0.6931471824645996,38.83858108520508,0.38560378551483154,98.26142120361328,0.5612519979476929,88.96446990966797,0.47943371534347534
298,'1',-0.0,1.0,0.6931471824645996,45.690330505371094,0.146356999874115,123.0203628540039,0.3083043098449707,125.59356689453125,0.27258360385894775
299,'2',-0.0,1.0,0.6931471824645996,39.53692626953125,0.22759264707565308,108.61561584472656,0.418631911277771,123.02910614013672,0.2564356327056885
300,'0',-0.0,1.0,0.6931471824645996,33.708404541015625,0.4559706747531891,71.86622619628906,0.7113127708435059,62.529666900634766,0.6574584245681763
301,' miles',-0.0,1.0,0.6931471824645996,32.42385482788086,0.5251753330230713,69.03971862792969,0.7254830002784729,66.92633056640625,0.6247642636299133
302,'**',-0.0,1.0,0.6931471824645996,43.200294494628906,0.19044601917266846,97.72476959228516,0.5380627512931824,79.47758483886719,0.3990135192871094
303,' in',0.6026172041893005,0.4189586639404297,0.6931471824645996,44.769229888916016,0.141159325838089,99.24028015136719,0.5583586692810059,74.76557159423828,0.6152398586273193
304,' the',-0.0,1.0,0.6931471824645996,38.7740478515625,0.25727981328964233,99.33968353271484,0.5198209285736084,80.72550201416016,0.6192119121551514
305,' same',-0.0,1.0,0.6931471824645996,35.01667785644531,0.4140293598175049,80.27983856201172,0.6467270851135254,73.25904083251953,0.6397092342376709
306,' time',-0.0,1.0,0.6931471824645996,44.51725769042969,0.23944979906082153,95.14669799804688,0.5071231126785278,62.44017028808594,0.7214871644973755
307,' it',0.6931471824645996,0.0,0.6931471824645996,42.37507629394531,0.30770230293273926,89.8724365234375,0.5829384326934814,87.62791442871094,0.46163520216941833
308,' takes',-0.0,1.0,0.6931471824645996,39.91249465942383,0.28173065185546875,106.55198669433594,0.4578670859336853,86.89480590820312,0.47811079025268555
309,' the',-0.0,1.0,0.6931471824645996,38.725608825683594,0.2902265191078186,92.72905731201172,0.6045357584953308,86.24895477294922,0.5100027322769165
310,' car',0.4114426374435425,0.7128027677536011,0.6931471824645996,34.171451568603516,0.43850481510162354,93.80175018310547,0.5637269020080566,87.67684173583984,0.4968160390853882
311,' to',-0.0,1.0,0.6931471824645996,42.63225173950195,0.25772520899772644,95.11766052246094,0.5295544862747192,90.49103546142578,0.41410642862319946
312,' travel',-0.0,1.0,0.6931471824645996,39.77017593383789,0.3391411304473877,98.54478454589844,0.4810178577899933,90.3525390625,0.5121591091156006
313,' **',-0.0,1.0,0.6931471824645996,38.319881439208984,0.2946845591068268,91.38055419921875,0.5657694339752197,102.69664764404297,0.36927133798599243
314,'9',-0.0,1.0,0.6931471824645996,41.441444396972656,0.15431296825408936,110.21299743652344,0.4016297459602356,115.11873626708984,0.2626819908618927
315,'0',-0.0,1.0,0.6931471824645996,39.85813903808594,0.17863982915878296,103.82469177246094,0.426388680934906,99.88355255126953,0.42125773429870605
316,' miles',-0.0,1.0,0.6931471824645996,33.1689338684082,0.48895931243896484,70.60636901855469,0.7221388816833496,74.47361755371094,0.596403956413269
317,'**',-0.0,1.0,0.6931471824645996,45.20343017578125,0.18012547492980957,90.56478881835938,0.5621113777160645,104.1650619506836,0.2864062488079071
318,'.\n',-0.0,1.0,0.6931471824645996,44.85247802734375,0.15278461575508118,84.63795471191406,0.5965156555175781,83.41098022460938,0.6056942939758301
319,'-',-0.0,1.0,0.6931471824645996,34.76764678955078,0.35507673025131226,84.5600357055664,0.5447893142700195,98.66206359863281,0.39439040422439575
320,' The',-0.0,1.0,0.6931471824645996,30.31212615966797,0.45468541979789734,82.32328796386719,0.6061068177223206,118.60396575927734,0.1650664508342743
321,' train',0.602616548538208,0.41896021366119385,0.6931471824645996,32.926265716552734,0.39345645904541016,75.21455383300781,0.6881643533706665,116.94824981689453,0.2816682755947113
322,"""'s""",-0.0,1.0,0.6931471824645996,39.17652130126953,0.25901907682418823,91.11133575439453,0.5473775863647461,103.21672058105469,0.34944063425064087
323,' speed',-0.0,1.0,0.6931471824645996,39.696685791015625,0.29208019375801086,91.33308410644531,0.576468288898468,90.70077514648438,0.49441859126091003
324,' is',-0.0,1.0,0.6931471824645996,41.40909957885742,0.2584131360054016,92.53560638427734,0.5620925426483154,90.98121643066406,0.44297438859939575
325,' **',-0.0,1.0,0.6931471824645996,39.873409271240234,0.2851233184337616,91.2896499633789,0.5766109228134155,76.34732055664062,0.620254635810852
326,'1',-0.0,1.0,0.6931471824645996,38.213199615478516,0.25627070665359497,109.47884368896484,0.4278199076652527,129.1314239501953,0.27466678619384766
327,'5',-0.0,1.0,0.6931471824645996,37.372764587402344,0.2392696589231491,107.24282836914062,0.442230224609375,118.98301696777344,0.3460751175880432
328,' mph',-0.0,1.0,0.6931471824645996,32.768531799316406,0.4661640524864197,83.65602111816406,0.6461554765701294,74.82975006103516,0.5825135707855225
329,' faster',0.919148325920105,0.08159810304641724,0.6931471824645996,52.29419708251953,0.10676813870668411,110.08450317382812,0.43074581027030945,89.00300598144531,0.4510342478752136
330,'**',-0.0,1.0,0.21632972359657288,47.35728073120117,0.3289521634578705,112.25910186767578,0.4343378245830536,68.57161712646484,0.641880214214325
331,' than',-0.0,1.0,0.6931471824645996,45.402584075927734,0.14789114892482758,101.98649597167969,0.5517160892486572,66.70880126953125,0.6410989761352539
332,' the',-0.0,1.0,0.6931471824645996,44.2525749206543,0.11163650453090668,112.54631042480469,0.4740549325942993,70.07591247558594,0.6271993517875671
333,' car',-0.0,1.0,0.6931471824645996,40.70913314819336,0.2492436021566391,89.9822769165039,0.6607670187950134,101.00800323486328,0.37552306056022644
334,"""'s""",-0.0,1.0,0.6931471824645996,41.355796813964844,0.25972074270248413,95.66817474365234,0.6045316457748413,107.18476104736328,0.24912497401237488
335,' speed',-0.0,1.0,0.6931471824645996,40.59101104736328,0.3091179132461548,94.49181365966797,0.6103739142417908,84.9262924194336,0.46577441692352295
336,'.\n\n',-0.0,1.0,0.6931471824645996,40.95741271972656,0.2719404995441437,93.90074157714844,0.5793858766555786,84.402099609375,0.5237714052200317
337,'**',-0.0,1.0,0.6931471824645996,40.57181167602539,0.21859771013259888,99.32514953613281,0.43642106652259827,110.15764617919922,0.21366345882415771
338,'Let',-0.0,1.0,0.6931471824645996,30.799728393554688,0.4423601031303406,84.24984741210938,0.6042327880859375,86.28984832763672,0.6943265795707703
339,':',0.6709908246994019,0.5811678767204285,0.6931471824645996,36.85708999633789,0.23848021030426025,113.46794891357422,0.3895820081233978,134.66357421875,0.239292174577713
340,'**\n',-0.0,1.0,0.6931471824645996,33.63330078125,0.3294717073440552,99.48709106445312,0.5582613945007324,73.86866760253906,0.6564449071884155
341,'-',-0.0,1.0,0.6931471824645996,31.168420791625977,0.42312151193618774,83.81412506103516,0.6785951256752014,88.78778839111328,0.28012824058532715
342,' \\(',-0.0,1.0,0.6931471824645996,35.95927429199219,0.33247652649879456,88.77205657958984,0.6162747144699097,108.08605194091797,0.31646016240119934
343,' c',-0.0,1.0,0.6931471824645996,38.14290237426758,0.3288993835449219,97.06048583984375,0.5307478904724121,97.56151580810547,0.4411103129386902
344,' \\',-0.0,1.0,0.6931471824645996,36.50400161743164,0.34572911262512207,105.78043365478516,0.48793235421180725,79.10999298095703,0.42296746373176575
345,')',-0.0,1.0,0.6931471824645996,30.107009887695312,0.43958204984664917,85.03717803955078,0.6478807330131531,80.36007690429688,0.4761712849140167
346,' be',0.23850366473197937,0.8715009093284607,0.6931471824645996,31.170297622680664,0.43329739570617676,72.43818664550781,0.7609538435935974,87.8250503540039,0.43191200494766235
347,' the',-0.0,1.0,0.6931471824645996,38.17432403564453,0.3245137333869934,87.81122589111328,0.6986744403839111,83.66297149658203,0.5141215920448303
348,' car',-0.0,1.0,0.6931471824645996,37.5987663269043,0.34536752104759216,96.9441909790039,0.6209124326705933,94.857177734375,0.399297833442688
349,"""'s""",-0.0,1.0,0.6931471824645996,41.33871841430664,0.24624311923980713,104.0658950805664,0.5573078393936157,90.71027374267578,0.40681785345077515
350,' speed',-0.0,1.0,0.6931471824645996,40.40703201293945,0.3049076497554779,95.87681579589844,0.6219390630722046,79.59793090820312,0.5351303815841675
351,' in',-0.0,1.0,0.6931471824645996,40.892433166503906,0.2694810926914215,89.37623596191406,0.6280302405357361,83.70433044433594,0.5260877013206482
352,' mph',0.6370892524719238,0.6299957036972046,0.6931471824645996,38.876407623291016,0.31568580865859985,99.28581237792969,0.5467911958694458,81.10269165039062,0.5221966505050659
353,'.\n',-0.0,1.0,0.6931471824645996,48.85597610473633,0.19404125213623047,108.76507568359375,0.47506123781204224,90.10541534423828,0.39365819096565247
354,'-',-0.0,1.0,0.6931471824645996,50.76091003417969,0.0670345276594162,110.690185546875,0.3890976309776306,83.60811614990234,0.4296569228172302
355,' \\(',-0.0,1.0,0.6931471824645996,30.80855941772461,0.45757466554641724,79.60773468017578,0.6563615202903748,102.11720275878906,0.33633953332901
356,' t',-0.0,1.0,0.6931471824645996,34.787132263183594,0.3724183738231659,77.42870330810547,0.676846981048584,86.74028015136719,0.5546817779541016
357,' \\',-0.0,1.0,0.6931471824645996,34.10725784301758,0.37107783555984497,95.30232238769531,0.5601382255554199,86.68761444091797,0.35070133209228516
358,')',-0.0,1.0,0.6931471824645996,29.76490020751953,0.4443677067756653,79.97125244140625,0.6912950277328491,77.33597564697266,0.48102477192878723
359,' be',-0.0,1.0,0.6931471824645996,30.535072326660156,0.4435681104660034,68.22431182861328,0.7810344696044922,83.51285552978516,0.45981982350349426
360,' the',-0.0,1.0,0.6931471824645996,36.92731475830078,0.3053196668624878,78.92574310302734,0.7375197410583496,78.7135238647461,0.5386846661567688
361,' time',-0.0,1.0,0.6931471824645996,35.5460319519043,0.3564899265766144,87.38260650634766,0.6640979647636414,86.58157348632812,0.49232593178749084
362,' both',0.12539473176002502,0.9453064799308777,0.6931471824645996,37.24918746948242,0.3308049440383911,93.3335952758789,0.5971298217773438,90.32623291015625,0.4981255531311035
363,' the',-0.0,1.0,0.6931471824645996,46.133419036865234,0.15849338471889496,127.31317901611328,0.30621230602264404,93.94447326660156,0.5065376162528992
364,' train',0.6332207322120667,0.3426936864852905,0.6931471824645996,42.89056396484375,0.3326645493507385,94.27738189697266,0.6257624626159668,88.52567291259766,0.5597512125968933
365,' and',-0.0,1.0,0.6931471824645996,43.02156066894531,0.2447632998228073,102.42750549316406,0.535904049873352,84.74346923828125,0.48430806398391724
366,' the',-0.0,1.0,0.6931471824645996,43.620361328125,0.19883665442466736,110.27549743652344,0.44339853525161743,73.0473861694336,0.575509250164032
367,' car',-0.0,1.0,0.6931471824645996,37.4633903503418,0.37982773780822754,90.50462341308594,0.6103825569152832,66.93113708496094,0.7245574593544006
368,' travel',-0.0,1.0,0.6931471824645996,40.878257751464844,0.2761039733886719,91.1081314086914,0.6085890531539917,100.70314025878906,0.39858806133270264
369,' in',0.7825286388397217,0.39590221643447876,0.6931471824645996,37.15387725830078,0.4122348427772522,102.12371826171875,0.5054395794868469,94.06832885742188,0.43687549233436584
370,' hours',-0.0,1.0,0.6931471824645996,36.093658447265625,0.39122915267944336,90.33511352539062,0.6043425798416138,72.90572357177734,0.6630996465682983
371,'.\n\n',-0.0,1.0,0.6931471824645996,43.561378479003906,0.2033393234014511,101.74739074707031,0.5064677000045776,81.06952667236328,0.5788022875785828
372,'**',-0.0,1.0,0.6931471824645996,40.708152770996094,0.21584422886371613,111.59180450439453,0.35334429144859314,118.88705444335938,0.15833011269569397
373,'Step',-0.0,1.0,0.6931471824645996,31.618257522583008,0.43626439571380615,79.70238494873047,0.6433233618736267,89.66026306152344,0.700238823890686
374,' ',-0.0,1.0,0.6931471824645996,38.684974670410156,0.294095903635025,101.3663558959961,0.4693356454372406,132.92112731933594,0.24267646670341492
375,'1',-0.0,1.0,0.6931471824645996,37.74981689453125,0.3581874966621399,91.18928527832031,0.5588011741638184,78.98300170898438,0.508167028427124
376,':',0.21102455258369446,0.8913735747337341,0.6931471824645996,28.253694534301758,0.6254558563232422,82.79574584960938,0.628600001335144,84.82408142089844,0.435218870639801
377,' Express',1.212693214416504,0.14531302452087402,0.6931471824645996,34.36576461791992,0.4499405026435852,87.88676452636719,0.5861508846282959,103.07495880126953,0.4535880386829376
378,' the',-0.0,1.0,0.6931471824645996,43.859527587890625,0.14979128539562225,102.05408477783203,0.45980751514434814,87.6454086303711,0.657191276550293
379,' Dist',0.6642491817474365,0.719871461391449,0.6931471824645996,38.3253173828125,0.36195629835128784,84.51742553710938,0.6190909147262573,58.061309814453125,0.8299156427383423
380,'ances',-0.0,1.0,0.6931471824645996,46.54384231567383,0.1734033226966858,108.29842376708984,0.3902533948421478,115.25464630126953,0.19030806422233582
381,' in',-0.0,1.0,0.6931471824645996,40.583824157714844,0.3466511368751526,76.90473937988281,0.7281666398048401,126.69469451904297,0.17713633179664612
382,' Terms',-0.0,1.0,0.6931471824645996,37.408939361572266,0.25361689925193787,101.35405731201172,0.5115572214126587,90.51145935058594,0.6871666312217712
383,' of',-0.0,1.0,0.6931471824645996,42.131752014160156,0.16545963287353516,95.48209381103516,0.566231369972229,88.98424530029297,0.6850603222846985
384,' Speed',-0.0,1.0,0.6931471824645996,35.15419387817383,0.5045214295387268,89.18396759033203,0.6545534133911133,88.57288360595703,0.6699000597000122
385,' and',-0.0,1.0,0.6931471824645996,46.9333381652832,0.1507815420627594,104.67792510986328,0.5200380086898804,87.24541473388672,0.6675004959106445
386,' Time',-0.0,1.0,0.6931471824645996,42.110599517822266,0.2230137586593628,101.76781463623047,0.5458497405052185,98.36302947998047,0.6233720779418945
387,'**\n\n',-0.0,1.0,0.6931471824645996,39.02913284301758,0.272215873003006,92.83665466308594,0.6201314926147461,111.86719512939453,0.4779346287250519
388,'The',1.129794716835022,0.202102392911911,0.6931471824645996,41.620216369628906,0.17131635546684265,112.10417175292969,0.36107850074768066,129.01119995117188,0.20821145176887512
389,' distance',-0.0,1.0,0.6931471824645996,35.1394157409668,0.3585636615753174,91.48187255859375,0.5393222570419312,139.56024169921875,0.09418608248233795
390,' traveled',-0.0,1.0,0.6931471824645996,40.32740783691406,0.2752629518508911,98.75122833251953,0.5323120355606079,93.0853500366211,0.43361416459083557
391,' by',0.49100324511528015,0.6133573055267334,0.6931471824645996,39.82831573486328,0.3913075029850006,97.70784759521484,0.583300769329071,65.77505493164062,0.6827563643455505
392,' an',0.6841816306114197,0.5308990478515625,0.6931471824645996,40.05012893676758,0.35229945182800293,98.14383697509766,0.5611315369606018,76.15970611572266,0.5889613628387451
393,' object',-0.0,1.0,0.6931471824645996,40.694786071777344,0.26649606227874756,97.95279693603516,0.5583019256591797,95.6226577758789,0.448405921459198
394,' is',-0.0,1.0,0.6931471824645996,41.47315979003906,0.2560921311378479,98.06045532226562,0.5611650943756104,105.29251861572266,0.342761754989624
395,' given',-0.0,1.0,0.6931471824645996,39.71360397338867,0.2530539631843567,111.50419616699219,0.45103198289871216,86.1773910522461,0.5088405013084412
396,' by',-0.0,1.0,0.6931471824645996,36.61872482299805,0.31891191005706787,100.91954040527344,0.5249459147453308,74.62183380126953,0.5775704383850098
397,':\n',0.6585206985473633,0.26162925362586975,0.6931471824645996,41.13690948486328,0.32763367891311646,86.87716674804688,0.6308273077011108,72.35619354248047,0.6063064336776733
398,'\\[',0.6585206985473633,0.26162925362586975,0.6931471824645996,41.85884094238281,0.2910090684890747,106.51304626464844,0.4555686116218567,94.41439819335938,0.2908337116241455
399,' \\',-0.0,1.0,0.6931471824645996,38.806453704833984,0.33448582887649536,94.90699768066406,0.5566718578338623,91.76660919189453,0.24827897548675537
