trace_id,run,original_label
8,deepseek_1.5b_gsm8k,degradation
21,deepseek_1.5b_gsm8k,degradation
51,deepseek_1.5b_gsm8k,degradation
52,deepseek_1.5b_gsm8k,recovery
12,deepseek_1.5b_gsm8k,recovery
2,deepseek_1.5b_gsm8k,recovery
16,qwen2.5_3b_gsm8k,degradation
39,qwen2.5_3b_gsm8k,degradation
29,qwen2.5_3b_gsm8k,recovery
27,qwen2.5_3b_gsm8k,recovery
15,llama_3.2_3b_gsm8k,degradation
16,llama_3.2_3b_gsm8k,degradation
28,llama_3.2_3b_gsm8k,degradation
31,llama_3.2_3b_gsm8k,recovery
22,llama_3.2_3b_gsm8k,recovery
17,llama_3.2_3b_gsm8k,recovery
15,deepseek_1.5b_math500,degradation
19,deepseek_1.5b_math500,degradation
24,deepseek_1.5b_math500,degradation
2,deepseek_1.5b_math500,recovery
22,deepseek_1.5b_math500,recovery
0,deepseek_1.5b_math500,recovery
